{"os":{"cpu":1.5969306226865636,"memory":36.9609375,"load":[0,0,0],"timestamp":1494576200984},"responses":{"2":0,"3":0,"4":0,"5":0,"count":0,"mean":0,"timestamp":1494576200772},"interval":1,"retention":60}
