{"os":{"cpu":3.1566093389284413,"memory":37.3828125,"load":[0,0,0],"timestamp":1494568423001},"responses":{"2":0,"3":0,"4":0,"5":0,"count":5,"mean":0.21680819999999998,"timestamp":1494568422861,"NaN":null},"interval":1,"retention":60}
