{"os":{"cpu":1.5656307918573642,"memory":30.8515625,"load":[0,0,0],"timestamp":1494568425005},"responses":{"2":0,"3":0,"4":0,"5":0,"count":6,"mean":0.177863,"timestamp":1494568424857,"NaN":null},"interval":1,"retention":60}
