{"os":{"cpu":3.0924320518123705,"memory":36.87109375,"load":[0,0,0],"timestamp":1494568422022},"responses":{"2":0,"3":0,"4":0,"5":0,"count":1,"mean":2.772824,"timestamp":1494568421770,"NaN":null},"interval":1,"retention":60}
