{"os":{"cpu":1.5640671953367953,"memory":31.01171875,"load":[0,0,0],"timestamp":1494568426003},"responses":{"2":0,"3":0,"4":0,"5":0,"count":1,"mean":0.141541,"timestamp":1494568425991},"interval":1,"retention":60}
