{"os":{"cpu":1.556478606899872,"memory":30.59375,"load":[0,0,0],"timestamp":1494568424010},"responses":{"2":0,"3":0,"4":0,"5":0,"count":3,"mean":0.15465633333333334,"timestamp":1494568423762,"NaN":null},"interval":1,"retention":60}
