{"os":{"cpu":3.1233386961327954,"memory":36.87109375,"load":[0,0,0],"timestamp":1494568422022},"responses":{"2":0,"3":0,"4":0,"5":0,"count":16,"mean":0.34559706250000005,"timestamp":1494568421762,"NaN":null},"interval":5,"retention":60}
